<beans xmlns="http://www.springframework.org/schema/beans"
	xmlns:xsi="http://www.w3.org/2001/XMLSchema-instance"
	xmlns:context="http://www.springframework.org/schema/context"
	xsi:schemaLocation="http://www.springframework.org/schema/beans
	http://www.springframework.org/schema/beans/spring-beans-3.0.xsd
	http://www.springframework.org/schema/context
	http://www.springframework.org/schema/context/spring-context-3.0.xsd">
   <context:annotation-config>
   </context:annotation-config>
	<context:component-scan base-package="com.yodlee.engg">
	</context:component-scan>
	<bean id="address" class="com.yodlee.engg.models.Address">
	  <property name="streetName" value="Rajaji St"></property>
	  <property name="city" value="Bangalore"></property>
	  <property name="state" value="Karnataka"></property>	
	</bean>
	<bean id="customer" class="com.yodlee.engg.models.Customer">
	  <constructor-arg index="0" value="42756"></constructor-arg>
	   <constructor-arg index="1" value="Anand"></constructor-arg>
	</bean>
	
	</beans>